video_id,title,duration_seconds,url
1af7esCt-Yc,Perfect pass 😤 #worldathleticschamps #running #sports #usa #relay,16,https://www.youtube.com/watch?v=1af7esCt-Yc
rNcMFBHikKc,Which sports should we do next? 😂,35,https://www.youtube.com/watch?v=rNcMFBHikKc
9bv0rBDxVrY,Sports You Never Knew Existed 👀,55,https://www.youtube.com/watch?v=9bv0rBDxVrY
sA_FtB4Etlg,When things don't go to plan 🥹 #athletics #sports #relays #japan,17,https://www.youtube.com/watch?v=sA_FtB4Etlg
5rtUBGbhVpg,When every rep brought you closer to your gold medal. 🥇 #Olympics #Tokyo2020 #Sports #JavelinThrow,17,https://www.youtube.com/watch?v=5rtUBGbhVpg
9VLRQu1sDs4,Stump Mic moments ft. Rishabh Panti | #ENGvIND,31,https://www.youtube.com/watch?v=9VLRQu1sDs4
JNYz4YdOgFk,Nothing beats a clean pass 😮‍💨 #athletics #worldathleticschamps #sports #uk,12,https://www.youtube.com/watch?v=JNYz4YdOgFk
k391xWc5K7I,Is it just us or are these coaches getting younger and younger? 🤭 🎥: @niadorner,12,https://www.youtube.com/watch?v=k391xWc5K7I
B26vV52r5-o,Footballer Crashouts🤯🔥,17,https://www.youtube.com/watch?v=B26vV52r5-o
sMSFmnKGqqw,Peleteiro power 🔥 #spain #triplejump #athletics #worldindoorchamps,13,https://www.youtube.com/watch?v=sMSFmnKGqqw
1y0_FcmFezc,Bro needed a sip 💧,15,https://www.youtube.com/watch?v=1y0_FcmFezc
MspjP-ADmn8,CRAZY Moments In Women's Sports 😯,18,https://www.youtube.com/watch?v=MspjP-ADmn8
eTGDDaK3kK0,This sport looks tough 😱 (via @jaialaileague) #shorts,20,https://www.youtube.com/watch?v=eTGDDaK3kK0
_lyAEL4Wqao,All Sports Golf Battle | Dude Perfect,460,https://www.youtube.com/watch?v=_lyAEL4Wqao
hJjqXTxj8cs,The smoothest moves in sports history 🔥,24,https://www.youtube.com/watch?v=hJjqXTxj8cs
8Rx0YvNMwrY,Was he safe or out? 😱🤔 #shorts,9,https://www.youtube.com/watch?v=8Rx0YvNMwrY
jHNdRSIVJr4,Haliburton did the ELBOW PASS!🥶,9,https://www.youtube.com/watch?v=jHNdRSIVJr4
qWAQ4jy9sbg,CRAZY 3-Sport Athlete!!! 😳 🤯 #shorts,16,https://www.youtube.com/watch?v=qWAQ4jy9sbg
Ict9xRkBt4o,Nobody said relays were easy 💀 #athletics #track #trackandfield #relay,14,https://www.youtube.com/watch?v=Ict9xRkBt4o
qMzO9lL81Cw,Sha'Carri making it look EASY 🏃‍♀️,31,https://www.youtube.com/watch?v=qMzO9lL81Cw
Pgf5NUsDix0,The BEST entertainment in tennis! 😍,12,https://www.youtube.com/watch?v=Pgf5NUsDix0
Pb2c0Bl7skE,Wind BLOWS ball back over net! 🤯,20,https://www.youtube.com/watch?v=Pb2c0Bl7skE
kcNKkdyZxL4,🇮🇹🔥 Undisguisable Happiness!,14,https://www.youtube.com/watch?v=kcNKkdyZxL4
aHPpsQbuLQQ,couldn't have done it any better 😲 #masontaylor #jasontaylor #lsufootball #tigers #nfl #nflcombine,11,https://www.youtube.com/watch?v=aHPpsQbuLQQ
1yf7OzfPFiY,What in the world sport is this?! 👀 #shorts,10,https://www.youtube.com/watch?v=1yf7OzfPFiY
HJInQGm2GgE,What a Race! 🇨🇦 #Paris2024,48,https://www.youtube.com/watch?v=HJInQGm2GgE
7nsSX6C1lAw,Best ever relay exchange #track #athletics #Olympics #Paris2024,16,https://www.youtube.com/watch?v=7nsSX6C1lAw
xUfVnmu1vuA,1000 IQ play 🧠,17,https://www.youtube.com/watch?v=xUfVnmu1vuA
wAZ24Vt7Yuk,little emma conquering the vault. ❤️#Olympics #Gymnastics #ArtisticGymnastics #Sports,17,https://www.youtube.com/watch?v=wAZ24Vt7Yuk
KED05c4-xEk,Sha'Carri Richardson on fire in Nairobi 🔥 #athletics #usa #shacarririchardson #sprint #running,15,https://www.youtube.com/watch?v=KED05c4-xEk
akZXMDt0juc,Jamaican legends in a 4x100m relay 🔥 #worldathleticschamps #jamaica #sprint #sports #fast,14,https://www.youtube.com/watch?v=akZXMDt0juc
heIKaaamvdc,All Sports Golf with Bryson DeChambeau,678,https://www.youtube.com/watch?v=heIKaaamvdc
zZrRi2w85RM,"Rishabh Pant’s Brain: Commentary, Motivation, Destruction | #ENGvIND",17,https://www.youtube.com/watch?v=zZrRi2w85RM
trMIh3wsjDk,Setting up for the ultimate spike! 🏐🔥📹: shinjyo8888 #Olympics #Paris2024 #Sports #Volleyball,10,https://www.youtube.com/watch?v=trMIh3wsjDk
MP7Ea9qdBto,He wanted to swing. 💥 (📹: albertogonz50 / IG),9,https://www.youtube.com/watch?v=MP7Ea9qdBto
Lk5usY7yFFM,Getting ejected BROKE HIM 😭 #shorts,9,https://www.youtube.com/watch?v=Lk5usY7yFFM
sw1zfIApapk,Some sick skate skills! 🛹 🔥 @sisa_solymosyova,12,https://www.youtube.com/watch?v=sw1zfIApapk
EJrSji2JoGY,Top Sports Fails!😳,57,https://www.youtube.com/watch?v=EJrSji2JoGY
NOfWPyYF-sA,Did We Just Invent A Sport? 🤔,28,https://www.youtube.com/watch?v=NOfWPyYF-sA
8VgQC2KoscE,Still got the shot 👏 (via frizzyvisuals/IG) #shorts,12,https://www.youtube.com/watch?v=8VgQC2KoscE
xglb09M3MxU,Just Thomas Rholer 🇩🇪 giving the cameraman 🎥 a scare 😮💪#DiamondLeague 💎 #athletics #javelin,13,https://www.youtube.com/watch?v=xglb09M3MxU
SoaEsTbwBEA,Arch Manning Has a HUGE DECISION to make.. 🚨🏈,59,https://www.youtube.com/watch?v=SoaEsTbwBEA
t45cetC6j7o,Epic dodge in 4x400 relay #shorts,12,https://www.youtube.com/watch?v=t45cetC6j7o
kKmt1Roznio,Who remembers how this trend goes?  🤔 #Olympics #Sports #Curling #Attenzione,31,https://www.youtube.com/watch?v=kKmt1Roznio
m_GxCCR6QQE,elite control 🔥 #tylanwallace #baltimore #ravens #nfl,13,https://www.youtube.com/watch?v=m_GxCCR6QQE
NhfRdoRftiM,Kyrie showed Brooks NO MERCY!😭,15,https://www.youtube.com/watch?v=NhfRdoRftiM
ytWj3Zqvfsg,He thought it was a punt 😭 #shorts,12,https://www.youtube.com/watch?v=ytWj3Zqvfsg
NqrDJmmh1AA,Kentucky Derby 2025 (FULL RACE) | NBC Sports,151,https://www.youtube.com/watch?v=NqrDJmmh1AA
bmAUr22ap8c,LIONEL MESSI EMBARRASSED GOALKEEPER WITH A CHIP 🍟 #football #soccer #shorts,11,https://www.youtube.com/watch?v=bmAUr22ap8c
io1KgYFxs9s,So satisfying 🤩 #shorts,31,https://www.youtube.com/watch?v=io1KgYFxs9s
nCjUBkmrB60,Novak Djokovic's HUGE cricket shot! 🔥,22,https://www.youtube.com/watch?v=nCjUBkmrB60
g6s24c3XqLk,Beware of the Tim Southee ball that nips back 👀 #YTShorts #CricketShorts,14,https://www.youtube.com/watch?v=g6s24c3XqLk
ozGK40L6FWE,Crazy SPIN 😱,15,https://www.youtube.com/watch?v=ozGK40L6FWE
6ZgG7cuEMm0,Travis Head getting into some BAT-breaking work in the #MLC2024 🏏😳 #CognizantMajorLeagueCricket,15,https://www.youtube.com/watch?v=6ZgG7cuEMm0
1-s-xpgT7EE,Sports Racing is INTENSE!!,47,https://www.youtube.com/watch?v=1-s-xpgT7EE
ida4L5cG7d4,India's hurdle queen Jyothi Yarraji is up for the challenge at 38th National Games | RFYS,22,https://www.youtube.com/watch?v=ida4L5cG7d4
dwV04XuiWq4,All Sports Baseball Battle | Dude Perfect,717,https://www.youtube.com/watch?v=dwV04XuiWq4
eoeIl02oH90,Sheetal Devi Hits Perfect Bullseye For India In Women's Compound 1/8 Elimination In Para Archery 🇮🇳,20,https://www.youtube.com/watch?v=eoeIl02oH90
RmqkooV1Kh8,Djokovic says Mental Toughness is “Not a Gift” 🧠,48,https://www.youtube.com/watch?v=RmqkooV1Kh8
K8UxsN6MlB0,He’s got that DAWG in him 🔥 #shorts,11,https://www.youtube.com/watch?v=K8UxsN6MlB0
2GPQWRNar70,Amazing SPORTSMANSHIP From Ruud 🥰,51,https://www.youtube.com/watch?v=2GPQWRNar70
-jGf9e9ewtk,Tyler Rogers has a filthy pickoff move. 🤯,13,https://www.youtube.com/watch?v=-jGf9e9ewtk
0n29H1x5o0A,"Smartest ""1000 IQ Plays"" in Sports History",426,https://www.youtube.com/watch?v=0n29H1x5o0A
2LNif6Bp140,La relance complètement folle 🤯 #rugby #top14 #paris,22,https://www.youtube.com/watch?v=2LNif6Bp140
y02mOQudT3E,The art of defending 🎨,10,https://www.youtube.com/watch?v=y02mOQudT3E
PvAgC4DVSwE,Never gave up on the play 😤,11,https://www.youtube.com/watch?v=PvAgC4DVSwE
uySvlOwuXdI,Kate Called Thierry WHAT??👀😭 | UCL Today | CBS Sports Golazo,12,https://www.youtube.com/watch?v=uySvlOwuXdI
ghoLMIqEqFM,Top 10 Most Improbable Trick-Shots 🤯😱 |Carson Hockey| #trickshot #trickshots #shorts,49,https://www.youtube.com/watch?v=ghoLMIqEqFM
cSKKGulXAdI,"Dutee Chand wins 100m Heats at 61st Interstate Senior ,",15,https://www.youtube.com/watch?v=cSKKGulXAdI
rFT-D4NYU-c,This Mavs Halloween game is hilarious 😂,15,https://www.youtube.com/watch?v=rFT-D4NYU-c
9pcxlcZWD1Q,The first mixed 4x400m at the #worldathleticschamps 👀 #athletics #sports #running #usa #poland,27,https://www.youtube.com/watch?v=9pcxlcZWD1Q
Fanmph17fbw,Insane relay exchange 😮‍💨 #running #sports #viralvideo #fyp #relay #usa #athletics,13,https://www.youtube.com/watch?v=Fanmph17fbw
cKhBOEhbAuw,Emma Raducanu Watches Carlos Alcaraz 👀,16,https://www.youtube.com/watch?v=cKhBOEhbAuw
0d5CE1P9mTE,The Kid Mero was looking for a fight with Pedro Martinez 🤣,15,https://www.youtube.com/watch?v=0d5CE1P9mTE
yC5YxqsiNjs,Thierry Henry Still Doesn't Like Tottenham😤 | UCL Today | CBS Sports Golazo,12,https://www.youtube.com/watch?v=yC5YxqsiNjs
mJgfY42EiDQ,Aaron Judge vs. The Rizzler: the matchup the world w̶a̶n̶t̶s̶ NEEDS,20,https://www.youtube.com/watch?v=mJgfY42EiDQ
oeq5G4hQw7o,This is why you never give up on the play 😤,12,https://www.youtube.com/watch?v=oeq5G4hQw7o
Xl7BEu5DTn8,3 reasons why Tyreek Hill will beat Noah Lyles in a race 👀,35,https://www.youtube.com/watch?v=Xl7BEu5DTn8
8I7A-aJ0Ne8,Cross Country Might Be The Hardest Sport!,46,https://www.youtube.com/watch?v=8I7A-aJ0Ne8
J3lNgq0WFGE,Insane long jump from Wayne Pinnock 🇯🇲 #shorts #athletics #longjump,19,https://www.youtube.com/watch?v=J3lNgq0WFGE
hJ0_vAj2zdI,This angle 😮‍💨,9,https://www.youtube.com/watch?v=hJ0_vAj2zdI
eNh9tDuau58,Got to love the sportsmanship 🤝💯 #shorts,27,https://www.youtube.com/watch?v=eNh9tDuau58
U7gCbTN5owU,Northern Railway | 67th All India Inter Railway #fiba #fibaasiacup #basketball #asiaqualifier,19,https://www.youtube.com/watch?v=U7gCbTN5owU
iYOi5f1AQ18,1st Ligue 1 title for Kvaratskhelia 🇬🇪🏆  #kvaratskhelia #Ligue1Mcdonalds  #football #Ligue1,9,https://www.youtube.com/watch?v=iYOi5f1AQ18
rp5comPdqsc,He asked her to marry 😂 #shorts #wimbledon #sports #tennisplayer #funny,23,https://www.youtube.com/watch?v=rp5comPdqsc
VgqwYnhpcxM,The biggest heart ❤️  #shorts #sports #tennis #tennisplayer #delpotro #cute,34,https://www.youtube.com/watch?v=VgqwYnhpcxM
8CmWHuGqOJg,That SOUND! 🔊 - POV Penalty Save 🇨🇭,9,https://www.youtube.com/watch?v=8CmWHuGqOJg
D09QkQ8Cyow,Bolt's first 200m gold! 😍🥇,24,https://www.youtube.com/watch?v=D09QkQ8Cyow
Y5SNI9J1BW0,Sha'Carri Richardson is a mood 💅 #athletics #sports #running #usa #nails #fast,16,https://www.youtube.com/watch?v=Y5SNI9J1BW0
DM037fHo-xs,Fast start training 🥵📹: (IG) ali.fielding,10,https://www.youtube.com/watch?v=DM037fHo-xs
Wh5bUhGxUHA,“There’s a new team in town.” 🤣 | CBS Sports Golazo,11,https://www.youtube.com/watch?v=Wh5bUhGxUHA
HMBnT1wjL7M,"""The Indian batting line-up is like a Dobermann dog"" 🤣",10,https://www.youtube.com/watch?v=HMBnT1wjL7M
HaZnMwYJl_Q,Noah Lyles completes sprint triple with glorious 4x100m gold  #athletics #worldathleticschamps #usa,12,https://www.youtube.com/watch?v=HaZnMwYJl_Q
FhaFhC_FRXc,This MOVE will be CONTROVERSIAL!  #wct #sport #freerunning,38,https://www.youtube.com/watch?v=FhaFhC_FRXc
HIj2-h3DT90,Who's the best athlete in the game? 🤔,39,https://www.youtube.com/watch?v=HIj2-h3DT90
BUci_8__L5I,Luka makes the impossible look easy 😎,26,https://www.youtube.com/watch?v=BUci_8__L5I
IfAYtG6CueU,Incredible relay comeback 😮‍💨 #worldathleticschamps #athletics #usa #japan #jamaica #sprint #relays,15,https://www.youtube.com/watch?v=IfAYtG6CueU
rpS_ajZ6ZuY,Lil Mahomes 🥹🏈,14,https://www.youtube.com/watch?v=rpS_ajZ6ZuY
jOh315r5HZc,She's from another PLANET! 👽,17,https://www.youtube.com/watch?v=jOh315r5HZc
kYMeFgWSxfk,The most ELITE balls from the 2024-25 BGT,26,https://www.youtube.com/watch?v=kYMeFgWSxfk
ULUiyAbfgMg,Argentina STUN Lions to claim historic victory in Dublin! | British & Irish Lions 24-28 Argentina,270,https://www.youtube.com/watch?v=ULUiyAbfgMg
teI2aO7Ij4I,"HIGHLIGHTS | Sporting CP vs Arsenal (1-5) | UCL | Martinelli, Havertz, Gabriel, Saka, Trossard",121,https://www.youtube.com/watch?v=teI2aO7Ij4I
2j3oXXC577E,Comment faire des squat ? #sport #workout #squat #squats #sportalamaison #homeworkout,11,https://www.youtube.com/watch?v=2j3oXXC577E
BWV1f3Y-J9U,CRAZIEST Ankle Breaker 😭 #shorts,12,https://www.youtube.com/watch?v=BWV1f3Y-J9U
U77PnLKyu9Y,Travis Head's reaction was hilarious #AUSvIND,9,https://www.youtube.com/watch?v=U77PnLKyu9Y
gokcySpm4nQ,INSANE team USA sport stacking relay (🎥: @PeterFord) #sportstacking #speedstacking #cupstacking,34,https://www.youtube.com/watch?v=gokcySpm4nQ
RxhDx1gpoeo,"Craziest ""1 in a Trillion"" Moments in Sports History",708,https://www.youtube.com/watch?v=RxhDx1gpoeo
fvhA2FgGgYA,Tegan Williamson's turning ripper outfoxes Amrita Ramtahal 😯#U19WorldCup #AUSvWI #cricket,9,https://www.youtube.com/watch?v=fvhA2FgGgYA
i20oQ0Byko0,South Africa stuns USA in dominant 4x100m win | World Athletics Relays Guangzhou 25,36,https://www.youtube.com/watch?v=i20oQ0Byko0
OgcDawheOz8,😎✨ Désiré Doué fait le show ! #shorts,11,https://www.youtube.com/watch?v=OgcDawheOz8
Z-RBlRcpXEQ,QB made a business decision after watching that hit 😳 (via julian_baldi/IG) #shorts #football #nfl,11,https://www.youtube.com/watch?v=Z-RBlRcpXEQ
wIYD42DV3Ro,Kentucky Derby 2022 (FULL RACE) | NBC Sports,158,https://www.youtube.com/watch?v=wIYD42DV3Ro
r_oMBmcsmX0,This looks intense! (via @kingsleagueamericas/TT),10,https://www.youtube.com/watch?v=r_oMBmcsmX0
3wPDqkdlcIA,The 2025 Belmont Stakes 🐎 FULL RACE | FOX Sports,486,https://www.youtube.com/watch?v=3wPDqkdlcIA
8Tfn4nN9r3w,His dunk progress is remarkable📈🏀 #shorts,10,https://www.youtube.com/watch?v=8Tfn4nN9r3w
2XACBzE-GRs,What is IShowSpeed’s real name? 😅 | UCL Today | CBS Sports Golazo,13,https://www.youtube.com/watch?v=2XACBzE-GRs
BIB0FM08Wds,So satisfying! 🎯,26,https://www.youtube.com/watch?v=BIB0FM08Wds
nmHzvQr3kYE,Ai robots taking over ping pong 👀 #shorts,14,https://www.youtube.com/watch?v=nmHzvQr3kYE
xHQz1LbrQEY,COUNT The Broken Tackles! 💪 #collegefootball #cfb #football,15,https://www.youtube.com/watch?v=xHQz1LbrQEY
SwZEi67TTuc,Maybe Nick's GREATEST TAKE EVER #nba #basketball #sports,34,https://www.youtube.com/watch?v=SwZEi67TTuc
1nZKBanK9qA,Baseball or cricket?,8,https://www.youtube.com/watch?v=1nZKBanK9qA
nzHKDb8mbcw,Sempre t’animaré 💙❤️ #fcbarcelona #football #shorts,17,https://www.youtube.com/watch?v=nzHKDb8mbcw
shinC26GQe0,Hunter Alexander talks through his game-winning bunt in the LLBWS 🔥 #shorts,19,https://www.youtube.com/watch?v=shinC26GQe0
o7W7OvETO40,Greatest Sports Moments,1730,https://www.youtube.com/watch?v=o7W7OvETO40
IkPgY3-gnPM,"""Tag, you're it!"" - Elly De La Cruz probably",9,https://www.youtube.com/watch?v=IkPgY3-gnPM
SpPONWbuOAA,Carlos Alcaraz Impresses Wimbledon Crowd with Racket Catch 🥶,10,https://www.youtube.com/watch?v=SpPONWbuOAA
samNoCsQjzo,"""No one wanted to hit with me"" Jack Draper on his first experience at the Miami Open 🇺🇸 #tennis",34,https://www.youtube.com/watch?v=samNoCsQjzo
-miEltuQxto,Polina Knoroz's Cute Moment in Sports #shorts,35,https://www.youtube.com/watch?v=-miEltuQxto
Az2lAW-yT6M,Unusual stoppage at Adelaide Oval 👀,20,https://www.youtube.com/watch?v=Az2lAW-yT6M
6Hbrwm6XObY,Let’s GO!!! 🕺🔥  #football #ligue1 #psg #foot #soccer #sports #championsleague #ligue1mcdonalds,8,https://www.youtube.com/watch?v=6Hbrwm6XObY
0pXkOUIoxO0,𝐋𝐢𝐭𝐭𝐨𝐧 𝐃𝐚𝐬 𝐬𝐡𝐨𝐰𝐜𝐚𝐬𝐢𝐧𝐠 𝐡𝐢𝐬 𝐢𝐦𝐩𝐞𝐜𝐜𝐚𝐛𝐥𝐞 𝐰𝐢𝐜𝐤𝐞𝐭𝐤𝐞𝐞𝐩𝐢𝐧𝐠 𝐬𝐤𝐢𝐥𝐥𝐬! #shortsfeed #ytshortsviral #tsports,17,https://www.youtube.com/watch?v=0pXkOUIoxO0
0m4OsfAHYWY,Bro is on a MISSION 💀 #shorts,11,https://www.youtube.com/watch?v=0m4OsfAHYWY
FNXPeayp1-s,He pulled off the trick play 🔥💪 #shorts,6,https://www.youtube.com/watch?v=FNXPeayp1-s
uoZ1CcTGdc4,Alejandro Garnacho speaks about his future at Man United 🔴,20,https://www.youtube.com/watch?v=uoZ1CcTGdc4
_FOsrlPNysI,When your FRIEND stumps you out!😂🏏 #shorts #cricketcardio #stumped,12,https://www.youtube.com/watch?v=_FOsrlPNysI
EGKpIOVDXEc,Even Ronaldinho was left amazed by this Teqball rally 🙌 #Shorts,60,https://www.youtube.com/watch?v=EGKpIOVDXEc
ey1gTqu-QLM,RACE TO THE BAG! 🤣,12,https://www.youtube.com/watch?v=ey1gTqu-QLM
luR70V5gdS0,All Sports Golf Battle 4,827,https://www.youtube.com/watch?v=luR70V5gdS0
5idFv5ktDD8,A nasty sweeper from Shohei. 🤢 #dodgers #sports #losangeles,8,https://www.youtube.com/watch?v=5idFv5ktDD8
0d-oe4ncc0o,Danny Morrison Laps Erin Holland🤣#HBLPSL8 #SabSitarayHumaray #IUvQG #Shorts #SportsCentral MI2A,10,https://www.youtube.com/watch?v=0d-oe4ncc0o
5_4pIl7kS2Q,Weird Sports Battle,556,https://www.youtube.com/watch?v=5_4pIl7kS2Q
oSLYVuThoDs,UP Senior State || CHS Gurukul school Kanpur #basketball #fiba #shortsfeed #sports,19,https://www.youtube.com/watch?v=oSLYVuThoDs
8oC50pKc6Vc,"HIGHLIGHTS Sporting CP 4-1 Man City | Foden, Gyorkeres hat-trick & Araujo goals",139,https://www.youtube.com/watch?v=8oC50pKc6Vc
OgvumAT8CUk,This is how you take out the pitching rubber. 👀 #dodgers #sports #losangeles,15,https://www.youtube.com/watch?v=OgvumAT8CUk
9hqg5KFAMkQ,❤️ 'THAT'S MY SON!' | Josh Nichols' mother watches him make Arsenal debut,19,https://www.youtube.com/watch?v=9hqg5KFAMkQ
4BY9Rt3WZLE,“ROY KEANE THAT’S FOR YOU SON” 😭🎯 | CBS Sports Golazo,17,https://www.youtube.com/watch?v=4BY9Rt3WZLE
_cVjeXjpO6U,Early sign to CHANGE SPORTS 😂 #shorts,21,https://www.youtube.com/watch?v=_cVjeXjpO6U
KmJrjqciye4,The world’s funniest sports edits 😂 (via Ray Rod 747 & Chris Ashley),61,https://www.youtube.com/watch?v=KmJrjqciye4
MddLF74zZ6A,👋❤️💙 Mbappé porté en héros par ses coéquipiers pour sa dernière avec le PSG ! #shorts,18,https://www.youtube.com/watch?v=MddLF74zZ6A
UgAfL9fvAfQ,Indian Men's 4x100m Relay Team storms to GOLD at Taiwan Athletics Open 2025 clocking a Solid 38.75s,60,https://www.youtube.com/watch?v=UgAfL9fvAfQ
KmJrjqciye4,The world’s funniest sports edits 😂 (via Ray Rod 747 & Chris Ashley),61,https://www.youtube.com/watch?v=KmJrjqciye4
IQf14DZis_s,Is Basketball The Fastest Sport?,16,https://www.youtube.com/watch?v=IQf14DZis_s
Uhic7JAaN94,First 23 Meter Throw in 31 Years! - Ryan Crouser 23.01 #shorts,26,https://www.youtube.com/watch?v=Uhic7JAaN94
EIuEizW_yyI,Aryna Sabalenka WINS the 2024 US Open 🏆,22,https://www.youtube.com/watch?v=EIuEizW_yyI
AYsKaJtcjhg,"Dramatic 10,000m finish 😳 #shorts #athletics #ethiopia",30,https://www.youtube.com/watch?v=AYsKaJtcjhg
PrULepkzydY,"🌟 Allan Saint-Maximin'in oğlundan, Dusan Tadic'i çaresiz bırakan bir gol vuruşu... #shorts",12,https://www.youtube.com/watch?v=PrULepkzydY
Xk2SfKifUtI,The moment Micah realized what he said 😭 | UCL Today | CBS Sports Golazo,15,https://www.youtube.com/watch?v=Xk2SfKifUtI
y24RaH_Rfdo,Sha'Carri is THAT girl. 💅,14,https://www.youtube.com/watch?v=y24RaH_Rfdo
TRFqYJdYZRQ,Tempers flaring in LA 👀,21,https://www.youtube.com/watch?v=TRFqYJdYZRQ
52iN7no-qpE,The MOST impossible finish in NBA history #shorts,16,https://www.youtube.com/watch?v=52iN7no-qpE
su2YvRYHRm8,The Minions interrupt Caeleb Dressel's Olympic training | NBC Sports,31,https://www.youtube.com/watch?v=su2YvRYHRm8
_cVjeXjpO6U,Early sign to CHANGE SPORTS 😂 #shorts,21,https://www.youtube.com/watch?v=_cVjeXjpO6U
m5aTF2ArOEc,Backhand power unlocked! 🚀🎾 #tenniscoach #sports #tennis #tennistips,37,https://www.youtube.com/watch?v=m5aTF2ArOEc
RDBPQNZJlEE,Regondeux Blap Casimero #boxing #fight #boxer #boxinghighlights #fight #sports #boxingvideos,15,https://www.youtube.com/watch?v=RDBPQNZJlEE
szlhtejAMyM,"Craziest ""Thinking outside the Box"" Moments in Sports History",956,https://www.youtube.com/watch?v=szlhtejAMyM
AmH0spSABNc,"When Rishabh Pant jokes and Shubman Gill leads, it’s pure stump mic gold! | #ENGvIND",23,https://www.youtube.com/watch?v=AmH0spSABNc
_XFzT9GMmw8,Worst Effort Plays in US Sports Compilation,459,https://www.youtube.com/watch?v=_XFzT9GMmw8
MNTDVdELnsc,STOLE HOME IN THE LITTLE LEAGUE WORLD SERIES!,16,https://www.youtube.com/watch?v=MNTDVdELnsc
85_47gq35l0,Running Exercise Yogita Walker #shorts #running #motivation,18,https://www.youtube.com/watch?v=85_47gq35l0
l3mBnHkye5c,Tag or Evasion? 😱 #parkour #wct #sport,43,https://www.youtube.com/watch?v=l3mBnHkye5c
IvD0bOmIGMk,"¡Ay, la barrera! 😆😂 | #shorts",14,https://www.youtube.com/watch?v=IvD0bOmIGMk
HcXVKMdz4DU,5 BASIC STRENGTH-SPORTS EXERCISES FOR KIDS,320,https://www.youtube.com/watch?v=HcXVKMdz4DU
5xKLcTrjUyg,Which world No.1 will win? ⚔️ #tennis #wimbledon #sports,39,https://www.youtube.com/watch?v=5xKLcTrjUyg
SM9G7PG0W8g,She got Him good 🔥💪 #shorts,10,https://www.youtube.com/watch?v=SM9G7PG0W8g
DXz2tBWyPbo,India's 🇮🇳 Fastest Man Amlan #shorts #athletics #fast #running #track,16,https://www.youtube.com/watch?v=DXz2tBWyPbo
2B-Bq-lkkuM,IMPORTANT TENNIS TIP!  #tennis  #sports,6,https://www.youtube.com/watch?v=2B-Bq-lkkuM
uWFv1vuPtwo,The All-Time Fastest Athletes In EVERY Major Sport,547,https://www.youtube.com/watch?v=uWFv1vuPtwo
TQyaUtFTAc8,FLAT TUMMY + STRONG ARMS: ARM & CORE EXERCISES FOR KIDS (15 MINUTES),766,https://www.youtube.com/watch?v=TQyaUtFTAc8
K88Zs3ryhtk,135 MPH??!,9,https://www.youtube.com/watch?v=K88Zs3ryhtk
VWcKApu-9FM,Sports You Can Do In The Air 💨,37,https://www.youtube.com/watch?v=VWcKApu-9FM
Lqo244b36Jw,Tom Brady vs. Eli Manning In Every Sport!,60,https://www.youtube.com/watch?v=Lqo244b36Jw
hk4z9HQxf1w,3 CRAZIEST Plays In NFL History @fieldflix,39,https://www.youtube.com/watch?v=hk4z9HQxf1w
5vMtunEo1vI,One of the more bizarre delays to a cricket match 🤣 #U19WorldCup #ytshorts,31,https://www.youtube.com/watch?v=5vMtunEo1vI
CJ1rauF6ras,Sha'carri Richardson Winning 🥇,9,https://www.youtube.com/watch?v=CJ1rauF6ras
h6hZTx2qzgg,"Cork City Sports, Cork (IRL) - World Athletics Continental Tour Bronze",15313,https://www.youtube.com/watch?v=h6hZTx2qzgg
43hr14t18yQ,"🕺🇪🇸 Yamal, Nico, Samu : la danse de la victoire des pépites de la Roja ! 🔥 #shorts",15,https://www.youtube.com/watch?v=43hr14t18yQ
AEaU3QnBIYY,Indoor Cricket #youthful #trending #sports #youtubeshorts #satisfying,11,https://www.youtube.com/watch?v=AEaU3QnBIYY
CjJ-pAOvk4M,The best fan moments in sports history 🔥,60,https://www.youtube.com/watch?v=CjJ-pAOvk4M
8j8V5tt368U,Fabio ❤️ #shorts #wimbledon #tennistournament #sports #fognini,19,https://www.youtube.com/watch?v=8j8V5tt368U
I3WZNkkJzfU,3 CRAZIEST Bats In MLB History,59,https://www.youtube.com/watch?v=I3WZNkkJzfU
YncBZ-5UGxs,🎶 Matuidi Charo 🎶  #football #ligue1mcdonalds #sport #sportsnews #sports #soccer #soccerplayer,8,https://www.youtube.com/watch?v=YncBZ-5UGxs
zWbrvTc7ckY,Thierry Teaches Micah Famous Lip Trick👄🤣| UCL Today | CBS Sports Golazo,25,https://www.youtube.com/watch?v=zWbrvTc7ckY
6FzhgVv9o68,Your New Favorite Sport 🥵💦,58,https://www.youtube.com/watch?v=6FzhgVv9o68
-RmUADCWI4A,All Sports Golf Battle 2 | Dude Perfect,701,https://www.youtube.com/watch?v=-RmUADCWI4A
5nQIQC8ikcA,Why you shouldn’t release the force while kicking! #taekwondo #sports #nj #martialart #태권도,21,https://www.youtube.com/watch?v=5nQIQC8ikcA
rZlqhqTg_kk,MA BONNE RÉSOLUTION DE 2024: REPRENDRE LE SPORT #gym #souplesse,12,https://www.youtube.com/watch?v=rZlqhqTg_kk
YV2geYEN7JU,Continuous Power Hitting with Freebowler#cricket #sports #new #bowling #trending #viralvideo #love,15,https://www.youtube.com/watch?v=YV2geYEN7JU
Q7GuopgMFWo,Finalmente l’eroe di cui il tennis aveva bisogno! #tennis  #sports #foryou #atp1000 #roma,19,https://www.youtube.com/watch?v=Q7GuopgMFWo
HVHXZSTJZq8,✨ Magical Rafa Nadal Tweener ✨,22,https://www.youtube.com/watch?v=HVHXZSTJZq8
owik-p7NZx8,🚨The Sports Bar LIVE on talkSPORT | 09-Jul-25,7131,https://www.youtube.com/watch?v=owik-p7NZx8
Q7GuopgMFWo,Finalmente l’eroe di cui il tennis aveva bisogno! #tennis  #sports #foryou #atp1000 #roma,19,https://www.youtube.com/watch?v=Q7GuopgMFWo
72sOyOBaR8I,Ohtani uses TOY BASEBALL BAT in game?! 😳 #AprilFools #ShoheiOhtani #Dodgers #MLB #Baseball,9,https://www.youtube.com/watch?v=72sOyOBaR8I
9xMm3SLFo1E,"LIVE: BRGY. GINEBRA vs. SAN MIGUEL | PBA SEASON 49 PHILIPPINE CUP SEMIFINALS | June 25, 2025",9236,https://www.youtube.com/watch?v=9xMm3SLFo1E
SRjxCcL6cwg,These are the most legendary moments in sports 😂,28,https://www.youtube.com/watch?v=SRjxCcL6cwg
s5LUY3NU-5A,Khabib v Speed Fight??🥊| UCL Today | CBS Sports Golazo,25,https://www.youtube.com/watch?v=s5LUY3NU-5A
eKl0eCFhBzE,"All Heart, No Luck, Mohammad Siraj’s Struggle in the Spotlight | #ENGvIND",37,https://www.youtube.com/watch?v=eKl0eCFhBzE
NEoQ1ALz-iw,Exercices pour les abdominaux à la maison #abdos #gym #sports #fitness #motivation #muscles,6,https://www.youtube.com/watch?v=NEoQ1ALz-iw
P7Ww4zPAQN4,Highlights: Man City 0-2 Liverpool | Mo Salah and Dom Szoboszlai goals extend lead,120,https://www.youtube.com/watch?v=P7Ww4zPAQN4
fQdeiZX73Ho,Stop Serving Like This! | The Padel School,14,https://www.youtube.com/watch?v=fQdeiZX73Ho
9YLVH69TtLM,THIBAUT COURTOIS’ NEW ELITE SPORT GLOVES 🔥,20,https://www.youtube.com/watch?v=9YLVH69TtLM
Ldx0J47Z65g,The Weirdest Sport You’ll Ever See 🥴 (@n/a),16,https://www.youtube.com/watch?v=Ldx0J47Z65g
qg3eOeYGgOw,"Watch out, Shohei! 😂 #dodgers #sports #losangeles #funny",12,https://www.youtube.com/watch?v=qg3eOeYGgOw
S9_ZdFcTCK8,Shohei on the mound. 😍 #dodgers #sports #losangeles,12,https://www.youtube.com/watch?v=S9_ZdFcTCK8
BS9RJ4aymHU,#SaiSudharsan's reaction before coming out to bat on Day 3 | #ENGvIND,23,https://www.youtube.com/watch?v=BS9RJ4aymHU
eQQHjlsIZus,Who is Emma Raducanu's tennis GOAT? 🤩 | Sky Sports Editions,56,https://www.youtube.com/watch?v=eQQHjlsIZus
qpDJbD9hqX4,Jamie Carragher pays tribute to Diogo Jota,442,https://www.youtube.com/watch?v=qpDJbD9hqX4
l5HirV9QqkM,Jazz Chisholm Jr's controller unplugged 😂 #mlb #baseball #Dodgers #Worldseries #Yankees,9,https://www.youtube.com/watch?v=l5HirV9QqkM
NHsAE39gvCo,U9 badminton player 🔥🔥,16,https://www.youtube.com/watch?v=NHsAE39gvCo
Z9kQCmkYnSM,"😎 Mbappé et ses nouveaux crampons TN, vous validez ? #shorts",10,https://www.youtube.com/watch?v=Z9kQCmkYnSM
BOYltDDwvlk,RIDICULOUS 😍 #shorts #tennis #wimbledon #tennistournament #sports,19,https://www.youtube.com/watch?v=BOYltDDwvlk
-3_JlP-ntl4,Liverpool star Diogo Jota has tragically passed away at the age of 28.,653,https://www.youtube.com/watch?v=-3_JlP-ntl4
wUfubzTWSIg,Team USA dominates 4x100 relay 💨🥇,50,https://www.youtube.com/watch?v=wUfubzTWSIg
QOc6zZTvqC0,Match the sport to the athlete!,2107,https://www.youtube.com/watch?v=QOc6zZTvqC0
vFv_egZGewY,Lip-reader reveals what Erling Haaland said to Gabriel… 👀 #news #sports #football #soccer,42,https://www.youtube.com/watch?v=vFv_egZGewY
afZ0RErauHU,Gold Cup Final | FOX 10 Talks Sports 7/4/25,736,https://www.youtube.com/watch?v=afZ0RErauHU
OIibXW2JS3A,Fan PROPOSES to Maria Sakkari! 💍,40,https://www.youtube.com/watch?v=OIibXW2JS3A
qLA0069y9Z0,Great reactions 🧤 #tennis #wta #sports,27,https://www.youtube.com/watch?v=qLA0069y9Z0
z4PiV6OxTxo,"England's Cry-Baby Tactics Exposed, India Eye Lord’s Dominance |First Sports With Rupha Ramani |N18G",375,https://www.youtube.com/watch?v=z4PiV6OxTxo
Lxz-4Nh78SI,Bro playing the wrong sport 😭,13,https://www.youtube.com/watch?v=Lxz-4Nh78SI
Fdd4GnOcpJA,Enorme chute de Stefan Küng qui termine son contre-la-montre le visage en sang #shorts,24,https://www.youtube.com/watch?v=Fdd4GnOcpJA
mW7nflWIGUA,Torneo Apertura 2025: Hansell Riojas marcó el Sport Boys 1-0 Cusco FC,89,https://www.youtube.com/watch?v=mW7nflWIGUA
sFjxlKIOmH4,Beautiful athlete. Sports. #shorts,33,https://www.youtube.com/watch?v=sFjxlKIOmH4
KNBAW-xS4ck,What an effort 😳  #accfootball #collegefootball #football #collegesports#hailmary  #sports #cfb,21,https://www.youtube.com/watch?v=KNBAW-xS4ck
DF9z_ULoBSA,"Man Utd exits wanted by Antony, Garnacho, Malacia, Rashford and Sancho | The Transfer Show",741,https://www.youtube.com/watch?v=DF9z_ULoBSA
aUDgaN6iHFc,Kentucky Derby 2023 (FULL RACE) | NBC Sports,415,https://www.youtube.com/watch?v=aUDgaN6iHFc
utCKt1IDK8A,"Sha'Carri tosses wig, wins national title 🔥",17,https://www.youtube.com/watch?v=utCKt1IDK8A
CNaG7Wt-O0Q,Can I Break 50 With Bob Does Sports?,4934,https://www.youtube.com/watch?v=CNaG7Wt-O0Q
KW_Imfnb-Xo,📌LOWER ABS EXERCISES 👉Adding these into your routine will help strengthen and tone your lower abs.,10,https://www.youtube.com/watch?v=KW_Imfnb-Xo
5DL0TAhChXo,"The new Prince of Indian cricket? 👑 Nasser, Ravi and Kumar discuss Shubman Gill's start as captain",841,https://www.youtube.com/watch?v=5DL0TAhChXo
NCYyajm0qmI,This was so close 🤯😱 Action of a Crazy Kitesurfer!,15,https://www.youtube.com/watch?v=NCYyajm0qmI
R_sRtYJVVmE,The last time a defender stopped Lamine Yamal… 😅 (#news #sports #football #Soccer #barca,10,https://www.youtube.com/watch?v=R_sRtYJVVmE
ke4vew-GVAw,"""DRAGGED OUT!"" Sports lawyer provides INSIGHT into Man City's 115 charges case & potential outcome!",563,https://www.youtube.com/watch?v=ke4vew-GVAw
y2_dgBJQWeI,«C’est un platane frérot ! » On a mis un micro sur Damian Penaud et ça régale ! #rugby #sports,24,https://www.youtube.com/watch?v=y2_dgBJQWeI
TNtfK71F0GA,Brad Pitt and Martin Brundle DRIVE Lando Norris' McLaren F1 car  🟠🏎️,735,https://www.youtube.com/watch?v=TNtfK71F0GA
3xlOKG-KDMs,Eng V Ind | Birmingham: India Gets Key Information On England | First Sports With Rupha Ramani |N18G,1058,https://www.youtube.com/watch?v=3xlOKG-KDMs
W203swCavT4,Can We Beat Grant Horvat and Bob Does Sports?!,5055,https://www.youtube.com/watch?v=W203swCavT4
sZ1I1hUQ-Yk,"No stadium, no problem. Game on — between Shreyas and Shashank! |Sports Today",78,https://www.youtube.com/watch?v=sZ1I1hUQ-Yk
JcT-c4NG7L4,"LIVE: ZUS COFFEE vs. AKARI | 2025 PVL ON TOUR | July 5, 2025",10556,https://www.youtube.com/watch?v=JcT-c4NG7L4
W8JUDp9q_cI,Cool Sports Stuff,16,https://www.youtube.com/watch?v=W8JUDp9q_cI
R6lIt6GYPYU,Shoes On Fire 🔥 😬 #trackandfield #100m #sports #usainbolt,25,https://www.youtube.com/watch?v=R6lIt6GYPYU
