tag,cluster
shorts,3
funny,5
optimization,2
optimize,2
gaming,0
raft,6
games,6
game,6
videogames,8
twitch,5
lore,5
baron,7
binder,3
book,5
rpg,6
indie,8
pixel,2
stream,6
music,5
breakfast,3
champion,6
short,6
cartoon,8
preschool,7
lethal,6
company,2
lawsuit,6
legal,6
court,6
copyright,2
trademark,6
patent,2
switch,6
xbox,4
pals,7
trending,6
viral,5
comedy,5
fun,5
pr,4
1m,6
interview,5
unfiltered,5
gameplay,8
reactions,5
conversation,5
discussion,6
tom,4
hope,6
shooter,8
fps,2
procedural,2
generation,2
campaign,6
sony,4
adventure,8
survival,6
space,2
exploration,2
science,2
strategy,6
3d,4
futuristic,8
psychological,6
philosophical,5
atmospheric,2
mining,7
mystery,5
basketball,6
history,6
development,2
design,2
disassembly,2
pc,4
simulation,2
doom,6
myths,5
expeditions,7
orbit,2
rob,6
cartoons,8
robot,2
robots,8
programming,2
giant,6
clue,5
house,7
matt,4
fashion,6
flips,5
parkour,8
baseball,6
sports,6
animation,8
kids,7
entertainment,8
learn,6
battlefield,2
milo,3
chip,2
cash,6
checkpoint,7
unboxing,8
highlights,6
plays,6
amazing,5
hoops,6
pass,6
assist,6
steal,6
rebound,6
highlight,6
dunk,1
offense,6
defense,6
three,6
triple,6
jumper,1
fadeaway,1
play,6
infinite,2
cool,5
news,6
record,6
exploit,6
glitch,2
bug,9
business,6
cable,6
money,6
stocks,6
simulator,2
decade,6
every,6
dune,3
review,6
first,6
original,2
classic,5
vintage,5
retro,8
movie,8
sting,6
story,5
harvester,3
scene,7
recap,5
soundtrack,8
novel,5
dos,4
software,2
explained,6
summary,6
overview,6
spice,3
paul,4
falcon,7
queen,7
drag,6
art,2
episode,5
singing,5
song,5
softball,6
lumpy,3
dodgers,3
hello,5
neighbor,7
emulation,2
no,6
commentary,5
4k,4
superstars,6
wrestle,6
wrestler,7
cricket,7
compilation,5
strange,5
strangest,5
weird,5
odd,5
delay,6
delays,6
coding,2
developer,2
championship,6
epic,5
golf,6
superhuman,8
driver,7
numbers,6
kindergarten,7
outplayed,6
informative,5
unique,2
guide,6
tutorial,2
quiz,5
choose,6
red,3
blue,3
console,8
horror,8
futbol,8
soccer,6
football,6
sport,6
club,6
pique,6
goat,7
trailer,7
trap,6
traps,6
circle,6
mouse,2
learning,6
video,5
brain,2
casual,8
pin,6
pull,6
training,6
fox,7
cowboys,7
packers,3
magic,5
gathering,6
deck,6
commander,7
cards,6
command,6
podcast,5
nerd,8
tabletop,2
hill,7
smith,4
liberty,6
prime,6
wise,6
fallout,6
cola,3
vault,6
wasteland,7
war,6
never,6
changes,6
lord,7
rings,6
marvel,5
thunder,6
junction,2
br,4
car,7
meme,5
gamer,8
heaven,7
new,6
chris,4
toys,8
countdown,6
timer,6
clock,6
parody,5
blender,3
prize,6
suspense,5
thrill,5
family,7
baby,7
nfl,4
two,6
one,6
preview,6
rocket,2
beans,3
tv,4
reviews,6
videogame,8
relaxing,6
wildlife,7
assassin,7
live,6
texas,4
washington,4
pro,6
android,8
latest,6
free,6
painting,3
apple,3
color,3
offline,2
smartphone,2
emulator,2
videos,5
repair,2
fix,6
dell,4
cars,6
max,6
modding,8
pong,3
arcades,0
overtime,6
multiplayer,8
commission,6
asia,4
asian,4
artist,7
collection,6
collectibles,8
antique,3
collectors,6
restaurant,7
hulk,7
ironman,6
instructions,2
transformers,2
dominos,6
pizza,3
burger,3
food,3
display,6
subway,2
creepy,5
disturbing,5
supercars,8
rich,6
wealth,6
finances,6
mansion,7
gold,3
mine,7
rush,6
tycoon,7
mercy,6
marshal,7
harmonica,5
tab,6
memes,5
romance,5
montage,5
mma,4
comedian,5
clip,5
favorite,5
ai,4
evolution,2
simulate,2
polygon,2
walkthrough,2
solution,2
end,6
ending,6
secrets,6
hd,4
opening,6
intro,5
final,6
ultra,2
high,6
definition,6
ps3,4
japan,4
computer,2
complete,6
scary,5
vim,5
javascript,4
humor,5
engineering,2
engineer,2
facebook,4
amazon,4
interviews,5
algorithms,2
python,3
bash,6
backroom,6
monster,6
improvement,6
juke,1
route,6
dev,4
tutorials,2
return,6
beginner,6
lesson,6
course,6
assets,6
2d,4
platformer,8
input,2
movement,6
script,5
brackets,6
actor,7
famous,5
worst,6
good,6
obscure,5
absurd,5
delisted,6
retrospective,6
america,4
sonic,2
terrible,6
awful,5
remake,8
bad,6
sequel,8
invest,6
spider,3
comic,8
unity,6
engine,2
unreal,5
2k,4
labrador,7
alphabet,5
surviving,6
years,6
steam,6
milkman,7
olympics,4
silver,3
songs,5
summertime,6
nugget,5
janitor,7
sleep,6
worthy,6
power,6
team,6
challenge,6
looter,7
winter,6
kid,7
action,6
tournament,6
whistle,6
mania,5
sans,6
papyrus,3
bandit,7
bingo,0
dog,7
pups,7
puppy,7
chilli,3
wedge,6
clinic,7
tips,6
escape,6
skit,5
what,6
racing,6
noodle,3
daycare,7
classroom,7
parents,7
english,4
teaching,7
baba,4
streamer,3
streaming,6
boss,6
list,6
mojo,5
stokes,6
twins,7
amp,2
unspeakable,5
playoffs,6
finals,6
school,7
class,6
work,6
canada,4
hockey,6
galaxy,2
peach,3
bowser,3
all,6
bosses,6
battles,6
fights,6
secret,6
finale,6
last,6
theme,5
paramount,6
showcase,6
wishlist,6
beep,2
keypad,2
sound,5
alarm,6
firefighters,7
pool,6
inspection,2
heroes,7
mom,7
lifesaving,6
gamers,8
battle,6
pa,4
duel,6
edit,5
juggernaut,6
techies,2
enigma,5
vex,6
robotics,2
stem,6
education,7
pot,3
wow,5
macro,2
stitch,6
apex,6
ps,4
cod,3
pug,7
yardage,6
bunker,6
card,6
security,6
vs,4
op,4
fighting,6
fight,6
fighter,7
strikeforce,6
grappling,6
boxing,7
karate,7
wrestling,6
submission,6
ko,4
dc,4
superhero,8
arcade,8
comics,8
wolverine,3
motivational,5
sad,5
emotional,5
inspirational,5
jump,6
flip,6
mace,3
guitar,5
tabs,6
metal,3
thrash,6
wheels,6
soundscapes,5
su,4
outing,6
outside,6
enjoy,6
trip,6
cooking,3
grab,6
who,6
killed,7
nature,6
outdoors,7
kitten,7
cat,7
meow,5
brainstorm,6
bunny,3
picks,6
whole,6
educational,6
solve,6
poker,0
youtube,4
shredder,6
splinter,6
nick,6
turtles,3
ninja,8
catching,6
puzzle,5
creativity,5
amusement,5
women,7
foot,6
eyes,6
eye,6
skills,6
craft,6
ideas,5
paper,6
fish,3
incremental,2
mobile,2
performance,6
stargazing,7
constellation,2
raid,7
arsenal,6
mutations,9
egg,3
drew,6
lily,3
china,3
mater,4
race,6
lightning,6
ar,4
noir,8
toddler,7
playtime,8
rant,5
amusements,8
at,6
mall,7
tours,6
world,6
characters,8
kiss,5
kissing,5
driving,6
anime,8
mindset,6
spirituality,5
entrepreneurship,7
motivation,6
actualization,2
flight,6
wii,4
essay,5
tutoring,7
physics,2
shader,2
iceberg,6
surfing,6
film,8
panda,7
hindi,4
joke,5
tanks,3
aircraft,2
update,6
toy,8
gift,6
forgotten,6
best,6
finished,6
daredevil,7
light,6
rendering,2
rebirth,6
marinara,3
geek,8
junior,6
makeup,3
beauty,3
eyeshadow,3
lipstick,3
eyeliner,3
eyebrows,6
blush,5
foundation,6
concealer,3
mascara,3
wig,3
rhinestones,3
ff,4
toad,3
goal,6
pl,4
legends,5
moments,5
ae,4
editor,7
trophies,6
olympic,4
rainbow,3
lunar,2
preppy,5
technology,2
facts,5
gadgets,8
techy,8
brotherhood,7
childhood,7
tech,2
rose,6
rabbit,3
bamboo,3
slingshots,3
google,4
code,2
children,7
granny,7
ml,3
sticker,3
char,4
witch,7
engage,6
unicorn,3
seed,6
sunrise,6
freedom,6
reaching,6
the,6
curling,6
sketch,5
lollipop,3
love,5
chess,7
checkmate,6
motorcycle,7
range,6
blaster,2
lucky,6
hilarious,5
compete,6
fame,5
bowling,7
southpaw,7
strike,6
lefty,6
nuclear,2
forge,6
left,6
practice,6
bowler,7
smooth,6
silk,3
flush,6
trivia,5
icebreaker,2
quizzes,5
bored,5
trivial,5
battlegrounds,6
conqueror,7
promote,6
storybooks,8
metaphor,5
tiebreak,1
tennis,6
laugh,5
german,4
today,6
haunted,7
capture,6
demonstration,2
analyzer,2
radio,6
reaction,6
maze,6
satisfying,6
handmade,3
cute,5
easy,6
cannabis,3
hemp,3
cosplay,8
zen,5
books,6
forehand,1
backhand,1
racket,6
thriller,8
crime,7
drama,5
cinematics,8
goals,6
curry,3
slime,3
teardown,2
mother,7
smart,6
india,4
beautiful,5
brother,7
sister,7
prank,5
pranks,5
joker,5
chocolate,3
sweet,5
dance,5
ben,4
bobby,4
charades,5
taboo,5
twister,7
puzzles,8
paris,4
daisy,3
detention,7
guess,6
liar,7
jumble,5
carousel,6
mingle,6
dinosaur,7
experiments,2
experiment,2
testing,2
rhymes,5
hornets,3
geeky,8
nerdy,8
cap,6
villains,8
character,5
making,6
make,6
australia,4
dodge,6
dodges,6
dodging,6
evade,6
dash,6
roll,6
dive,6
rank,6
ranking,6
tier,6
invulnerability,6
compare,6
animator,8
dan,4
dam,7
drawing,6
save,6
water,3
student,7
couple,6
sitcom,5
motorsport,2
cn,4
hour,6
survive,6
edition,6
clean,6
spinner,7
spinners,3
dude,5
matching,6
show,6
recommendation,6
teacher,7
students,7
got,6
clutch,6
chinese,4
principal,7
maxed,6
maxing,6
meta,2
blueprint,6
bonus,6
mummy,7
london,4
society,7
guardian,7
vice,6
philosophy,6
jackpot,0
slot,6
casino,0
guava,3
3am,7
nun,7
tomato,3
tomatoes,3
umami,3
peacock,3
lakers,4
zakat,7
men,7
nutrition,3
evidence,6
diet,3
vegan,3
wellness,6
health,6
fitness,6
stories,5
hadith,4
supplements,3
creatine,3
resveratrol,9
collagen,3
magnesium,3
calming,6
meditation,5
tracer,2
justice,7
balloon,3
sounds,5
gloves,3
squid,3
frontman,5
autograph,5
top,6
signing,6
squishy,3
movies,8
films,8
bloopers,5
gags,5
outtakes,5
director,6
pet,7
hacks,6
imagination,5
puff,6
chef,7
test,2
tricks,5
creation,2
holiday,6
baker,7
titan,6
academy,7
cockroach,3
organization,6
roulette,0
trend,6
playing,6
clown,5
activity,6
mason,7
sniper,7
life,7
surprise,6
honeycomb,3
little,6
devil,7
creative,5
idea,6
theory,2
troll,5
hidden,6
terminal,2
animated,8
something,6
about,6
loud,5
screaming,5
flagpole,7
steve,4
villager,7
zombie,8
guards,7
multilingual,2
getter,6
aliens,8
rare,6
retired,6
exclusive,6
chase,6
pops,5
target,6
horizon,6
serial,2
duet,5
crafts,3
dare,6
nano,2
fidget,5
filter,2
chasing,6
recipe,3
kitchen,3
baking,3
playground,7
mortal,7
date,6
flirt,5
illuminate,2
relax,6
haul,6
hack,6
hardcore,8
block,6
farm,7
farms,7
sky,6
day,6
days,6
liquid,3
liquids,3
lava,3
travel,6
packs,3
piano,5
musician,7
otaku,8
manga,8
transparency,6
edits,5
maven,5
barbie,3
dolls,8
doll,8
transformation,6
makeover,6
saw,6
series,6
ghost,7
like,6
bob,3
spooky,5
likes,6
adorable,5
girl,7
fantasy,8
sheep,7
hole,6
poppy,3
banana,3
big,6
cameraman,7
chapter,6
circus,7
clones,8
cursed,7
diamond,3
digital,2
into,6
kicking,6
mod,8
monsters,8
mr,4
random,2
skins,3
forest,7
fire,7
roof,6
bomb,7
lake,7
catch,6
clawed,6
success,6
vantage,6
superman,8
competition,6
summer,6
relay,6
gag,5
golden,6
semifinals,6
barangay,4
san,4
premiere,5
relatable,5
scam,6
small,6
mini,6
fruits,3
gun,7
guns,7
camper,7
spawn,6
cinema,8
camo,3
police,7
cats,7
kai,4
outfit,6
dress,3
clothes,3
aesthetic,2
elegant,5
hair,3
box,6
station,7
pregnant,7
lol,4
cutting,6
watermelon,3
pineapple,3
grapefruit,3
durian,3
coconut,3
corn,3
dropout,7
camouflage,3
nuke,2
bombs,7
atomic,2
item,3
avatar,8
velocity,2
headless,3
how,6
pants,3
squirrels,3
sturdy,6
candy,3
coloring,3
colors,3
flowers,3
parenting,7
smile,5
endeavor,6
vector,2
villagers,7
village,7
salesman,7
fandom,8
tuition,7
waterpark,7
breaking,6
queens,7
microsoft,4
tower,2
slap,6
trolling,6
revenge,6
trollers,3
pie,3
yes,6
unlimited,6
online,6
clips,5
content,2
peak,6
landfall,7
leak,2
gangster,7
mobster,7
godfather,7
mafia,7
shin,6
chan,4
full,6
rebel,7
animals,7
mimicry,5
react,6
funniest,5
variety,6
reality,6
outdoor,6
ka,4
outcasts,7
virus,9
unscripted,5
yong,4
das,4
museum,7
ice,3
cream,3
season,6
death,7
tug,6
betray,6
lie,6
sprinkle,3
young,7
hee,4
teaser,5
sam,4
isa,4
royal,7
dd,4
twist,5
overkill,5
raptor,7
dino,8
air,6
meat,3
moist,3
petition,6
wanderer,7
file,6
killer,7
board,6
night,6
updates,6
mines,7
satisfaction,6
scared,7
emptiness,5
jazz,5
snowing,7
